{
	"resultCount": 25,
	"results": [
		{
			"wrapperType": "track",
			"kind": "song",
			"artistId": 909253,
			"collectionId": 879273552,
			"trackId": 879273565,
			"artistName": "Jack Johnson",
			"collectionName": "In Between Dreams",
			"trackName": "Better Together",
			"collectionCensoredName": "In Between Dreams",
			"trackCensoredName": "Better Together",
			"artistViewUrl": "https://itunes.apple.com/us/artist/jack-johnson/id909253?uo=4",
			"collectionViewUrl": "https://itunes.apple.com/us/album/better-together/id879273552?i=879273565&uo=4",
			"trackViewUrl": "https://itunes.apple.com/us/album/better-together/id879273552?i=879273565&uo=4",
			"previewUrl": "http://a25.phobos.apple.com/us/r30/Music6/v4/13/22/67/1322678b-e40d-fb4d-8d9b-3268fe03b000/mzaf_8818596367816221008.plus.aac.p.m4a",
			"artworkUrl30": "http://is1.mzstatic.com/image/thumb/Music2/v4/a2/66/32/a2663205-663c-8301-eec7-57937c2d0878/source/30x30bb.jpg",
			"artworkUrl60": "http://is1.mzstatic.com/image/thumb/Music2/v4/a2/66/32/a2663205-663c-8301-eec7-57937c2d0878/source/60x60bb.jpg",
			"artworkUrl100": "http://is1.mzstatic.com/image/thumb/Music2/v4/a2/66/32/a2663205-663c-8301-eec7-57937c2d0878/source/100x100bb.jpg",
			"collectionPrice": 6.99,
			"trackPrice": 1.29,
			"releaseDate": "2005-03-01T08:00:00Z",
			"collectionExplicitness": "notExplicit",
			"trackExplicitness": "notExplicit",
			"discCount": 1,
			"discNumber": 1,
			"trackCount": 15,
			"trackNumber": 1,
			"trackTimeMillis": 207679,
			"country": "USA",
			"currency": "USD",
			"primaryGenreName": "Rock",
			"isStreamable": true
		},
		{
			"wrapperType": "track",
			"kind": "song",
			"artistId": 909253,
			"collectionId": 879273552,
			"trackId": 879273569,
			"artistName": "Jack Johnson",
			"collectionName": "In Between Dreams",
			"trackName": "Banana Pancakes",
			"collectionCensoredName": "In Between Dreams",
			"trackCensoredName": "Banana Pancakes",
			"artistViewUrl": "https://itunes.apple.com/us/artist/jack-johnson/id909253?uo=4",
			"collectionViewUrl": "https://itunes.apple.com/us/album/banana-pancakes/id879273552?i=879273569&uo=4",
			"trackViewUrl": "https://itunes.apple.com/us/album/banana-pancakes/id879273552?i=879273569&uo=4",
			"previewUrl": "http://a1762.phobos.apple.com/us/r30/Music/v4/08/d9/c5/08d9c56d-73e5-be1c-1eda-071a48284440/mzaf_8565025008024189274.plus.aac.p.m4a",
			"artworkUrl30": "http://is1.mzstatic.com/image/thumb/Music2/v4/a2/66/32/a2663205-663c-8301-eec7-57937c2d0878/source/30x30bb.jpg",
			"artworkUrl60": "http://is1.mzstatic.com/image/thumb/Music2/v4/a2/66/32/a2663205-663c-8301-eec7-57937c2d0878/source/60x60bb.jpg",
			"artworkUrl100": "http://is1.mzstatic.com/image/thumb/Music2/v4/a2/66/32/a2663205-663c-8301-eec7-57937c2d0878/source/100x100bb.jpg",
			"collectionPrice": 6.99,
			"trackPrice": 1.29,
			"releaseDate": "2005-03-01T08:00:00Z",
			"collectionExplicitness": "notExplicit",
			"trackExplicitness": "notExplicit",
			"discCount": 1,
			"discNumber": 1,
			"trackCount": 15,
			"trackNumber": 3,
			"trackTimeMillis": 191854,
			"country": "USA",
			"currency": "USD",
			"primaryGenreName": "Rock",
			"isStreamable": true
		},
		{
			"wrapperType": "track",
			"kind": "song",
			"artistId": 909253,
			"collectionId": 879269460,
			"trackId": 879269461,
			"artistName": "Jack Johnson",
			"collectionName": "Jack Johnson and Friends: Sing-A-Longs and Lullabies For the Film Curious George",
			"trackName": "Upside Down",
			"collectionCensoredName": "Jack Johnson and Friends: Sing-A-Longs and Lullabies For the Film Curious George",
			"trackCensoredName": "Upside Down",
			"artistViewUrl": "https://itunes.apple.com/us/artist/jack-johnson/id909253?uo=4",
			"collectionViewUrl": "https://itunes.apple.com/us/album/upside-down/id879269460?i=879269461&uo=4",
			"trackViewUrl": "https://itunes.apple.com/us/album/upside-down/id879269460?i=879269461&uo=4",
			"previewUrl": "http://a1612.phobos.apple.com/us/r30/Music4/v4/3c/a5/1a/3ca51a7a-768f-5f56-f3a0-35a62b02da43/mzaf_8754338071729397064.plus.aac.p.m4a",
			"artworkUrl30": "http://is5.mzstatic.com/image/thumb/Music/v4/19/32/e5/1932e5d6-0ec5-0237-6be9-f6fffd80e85c/source/30x30bb.jpg",
			"artworkUrl60": "http://is5.mzstatic.com/image/thumb/Music/v4/19/32/e5/1932e5d6-0ec5-0237-6be9-f6fffd80e85c/source/60x60bb.jpg",
			"artworkUrl100": "http://is5.mzstatic.com/image/thumb/Music/v4/19/32/e5/1932e5d6-0ec5-0237-6be9-f6fffd80e85c/source/100x100bb.jpg",
			"collectionPrice": 8.99,
			"trackPrice": 1.29,
			"releaseDate": "2005-01-01T08:00:00Z",
			"collectionExplicitness": "notExplicit",
			"trackExplicitness": "notExplicit",
			"discCount": 1,
			"discNumber": 1,
			"trackCount": 14,
			"trackNumber": 1,
			"trackTimeMillis": 208643,
			"country": "USA",
			"currency": "USD",
			"primaryGenreName": "Rock",
			"isStreamable": true
		},
		{
			"wrapperType": "track",
			"kind": "song",
			"artistId": 909253,
			"collectionId": 879273552,
			"trackId": 879273573,
			"artistName": "Jack Johnson",
			"collectionName": "In Between Dreams",
			"trackName": "Sitting, Waiting, Wishing",
			"collectionCensoredName": "In Between Dreams",
			"trackCensoredName": "Sitting, Waiting, Wishing",
			"artistViewUrl": "https://itunes.apple.com/us/artist/jack-johnson/id909253?uo=4",
			"collectionViewUrl": "https://itunes.apple.com/us/album/sitting-waiting-wishing/id879273552?i=879273573&uo=4",
			"trackViewUrl": "https://itunes.apple.com/us/album/sitting-waiting-wishing/id879273552?i=879273573&uo=4",
			"previewUrl": "http://a329.phobos.apple.com/us/r30/Music/v4/06/a1/0c/06a10c8b-e358-4bc0-c443-a120a775d3df/mzaf_1439207983024487820.plus.aac.p.m4a",
			"artworkUrl30": "http://is1.mzstatic.com/image/thumb/Music2/v4/a2/66/32/a2663205-663c-8301-eec7-57937c2d0878/source/30x30bb.jpg",
			"artworkUrl60": "http://is1.mzstatic.com/image/thumb/Music2/v4/a2/66/32/a2663205-663c-8301-eec7-57937c2d0878/source/60x60bb.jpg",
			"artworkUrl100": "http://is1.mzstatic.com/image/thumb/Music2/v4/a2/66/32/a2663205-663c-8301-eec7-57937c2d0878/source/100x100bb.jpg",
			"collectionPrice": 6.99,
			"trackPrice": 1.29,
			"releaseDate": "2005-03-01T08:00:00Z",
			"collectionExplicitness": "notExplicit",
			"trackExplicitness": "notExplicit",
			"discCount": 1,
			"discNumber": 1,
			"trackCount": 15,
			"trackNumber": 6,
			"trackTimeMillis": 183721,
			"country": "USA",
			"currency": "USD",
			"primaryGenreName": "Rock",
			"isStreamable": true
		},
		{
			"wrapperType": "track",
			"kind": "song",
			"artistId": 909253,
			"collectionId": 879273552,
			"trackId": 879273570,
			"artistName": "Jack Johnson",
			"collectionName": "In Between Dreams",
			"trackName": "Good People",
			"collectionCensoredName": "In Between Dreams",
			"trackCensoredName": "Good People",
			"artistViewUrl": "https://itunes.apple.com/us/artist/jack-johnson/id909253?uo=4",
			"collectionViewUrl": "https://itunes.apple.com/us/album/good-people/id879273552?i=879273570&uo=4",
			"trackViewUrl": "https://itunes.apple.com/us/album/good-people/id879273552?i=879273570&uo=4",
			"previewUrl": "http://a1024.phobos.apple.com/us/r30/Music6/v4/90/57/c3/9057c37f-69d3-e268-a7bf-25dd810a325b/mzaf_6360390234565244013.plus.aac.p.m4a",
			"artworkUrl30": "http://is1.mzstatic.com/image/thumb/Music2/v4/a2/66/32/a2663205-663c-8301-eec7-57937c2d0878/source/30x30bb.jpg",
			"artworkUrl60": "http://is1.mzstatic.com/image/thumb/Music2/v4/a2/66/32/a2663205-663c-8301-eec7-57937c2d0878/source/60x60bb.jpg",
			"artworkUrl100": "http://is1.mzstatic.com/image/thumb/Music2/v4/a2/66/32/a2663205-663c-8301-eec7-57937c2d0878/source/100x100bb.jpg",
			"collectionPrice": 6.99,
			"trackPrice": 1.29,
			"releaseDate": "2005-03-01T08:00:00Z",
			"collectionExplicitness": "notExplicit",
			"trackExplicitness": "notExplicit",
			"discCount": 1,
			"discNumber": 1,
			"trackCount": 15,
			"trackNumber": 4,
			"trackTimeMillis": 208509,
			"country": "USA",
			"currency": "USD",
			"primaryGenreName": "Rock",
			"isStreamable": true
		},
		{
			"wrapperType": "track",
			"kind": "song",
			"artistId": 909253,
			"collectionId": 879273552,
			"trackId": 879273579,
			"artistName": "Jack Johnson",
			"collectionName": "In Between Dreams",
			"trackName": "Breakdown",
			"collectionCensoredName": "In Between Dreams",
			"trackCensoredName": "Breakdown",
			"artistViewUrl": "https://itunes.apple.com/us/artist/jack-johnson/id909253?uo=4",
			"collectionViewUrl": "https://itunes.apple.com/us/album/breakdown/id879273552?i=879273579&uo=4",
			"trackViewUrl": "https://itunes.apple.com/us/album/breakdown/id879273552?i=879273579&uo=4",
			"previewUrl": "http://a745.phobos.apple.com/us/r30/Music4/v4/99/61/c8/9961c81c-f94b-12be-7733-b987b479041a/mzaf_2130221555116358546.plus.aac.p.m4a",
			"artworkUrl30": "http://is1.mzstatic.com/image/thumb/Music2/v4/a2/66/32/a2663205-663c-8301-eec7-57937c2d0878/source/30x30bb.jpg",
			"artworkUrl60": "http://is1.mzstatic.com/image/thumb/Music2/v4/a2/66/32/a2663205-663c-8301-eec7-57937c2d0878/source/60x60bb.jpg",
			"artworkUrl100": "http://is1.mzstatic.com/image/thumb/Music2/v4/a2/66/32/a2663205-663c-8301-eec7-57937c2d0878/source/100x100bb.jpg",
			"collectionPrice": 6.99,
			"trackPrice": 1.29,
			"releaseDate": "2005-03-01T08:00:00Z",
			"collectionExplicitness": "notExplicit",
			"trackExplicitness": "notExplicit",
			"discCount": 1,
			"discNumber": 1,
			"trackCount": 15,
			"trackNumber": 11,
			"trackTimeMillis": 212986,
			"country": "USA",
			"currency": "USD",
			"primaryGenreName": "Rock",
			"isStreamable": true
		},
		{
			"wrapperType": "track",
			"kind": "song",
			"artistId": 909253,
			"collectionId": 879273552,
			"trackId": 879273584,
			"artistName": "Jack Johnson",
			"collectionName": "In Between Dreams",
			"trackName": "Do You Remember",
			"collectionCensoredName": "In Between Dreams",
			"trackCensoredName": "Do You Remember",
			"artistViewUrl": "https://itunes.apple.com/us/artist/jack-johnson/id909253?uo=4",
			"collectionViewUrl": "https://itunes.apple.com/us/album/do-you-remember/id879273552?i=879273584&uo=4",
			"trackViewUrl": "https://itunes.apple.com/us/album/do-you-remember/id879273552?i=879273584&uo=4",
			"previewUrl": "http://a1855.phobos.apple.com/us/r30/Music2/v4/67/9f/98/679f98d8-8b4b-f50d-07b1-39e2ba92a2f5/mzaf_259179780027291108.plus.aac.p.m4a",
			"artworkUrl30": "http://is1.mzstatic.com/image/thumb/Music2/v4/a2/66/32/a2663205-663c-8301-eec7-57937c2d0878/source/30x30bb.jpg",
			"artworkUrl60": "http://is1.mzstatic.com/image/thumb/Music2/v4/a2/66/32/a2663205-663c-8301-eec7-57937c2d0878/source/60x60bb.jpg",
			"artworkUrl100": "http://is1.mzstatic.com/image/thumb/Music2/v4/a2/66/32/a2663205-663c-8301-eec7-57937c2d0878/source/100x100bb.jpg",
			"collectionPrice": 6.99,
			"trackPrice": 1.29,
			"releaseDate": "2005-03-01T08:00:00Z",
			"collectionExplicitness": "notExplicit",
			"trackExplicitness": "notExplicit",
			"discCount": 1,
			"discNumber": 1,
			"trackCount": 15,
			"trackNumber": 13,
			"trackTimeMillis": 144006,
			"country": "USA",
			"currency": "USD",
			"primaryGenreName": "Rock",
			"isStreamable": true
		},
		{
			"wrapperType": "track",
			"kind": "song",
			"artistId": 909253,
			"collectionId": 879716730,
			"trackId": 879716736,
			"artistName": "Jack Johnson",
			"collectionName": "Sleep Through the Static",
			"trackName": "If I Had Eyes",
			"collectionCensoredName": "Sleep Through the Static",
			"trackCensoredName": "If I Had Eyes",
			"artistViewUrl": "https://itunes.apple.com/us/artist/jack-johnson/id909253?uo=4",
			"collectionViewUrl": "https://itunes.apple.com/us/album/if-i-had-eyes/id879716730?i=879716736&uo=4",
			"trackViewUrl": "https://itunes.apple.com/us/album/if-i-had-eyes/id879716730?i=879716736&uo=4",
			"previewUrl": "http://a752.phobos.apple.com/us/r30/Music/v4/65/61/2f/65612f2e-ddc9-4a8d-b459-2775fc04b7e3/mzaf_1540394229328758969.plus.aac.p.m4a",
			"artworkUrl30": "http://is2.mzstatic.com/image/thumb/Music/v4/7d/26/43/7d2643d8-e66f-7bb0-0e76-26b36531753f/source/30x30bb.jpg",
			"artworkUrl60": "http://is2.mzstatic.com/image/thumb/Music/v4/7d/26/43/7d2643d8-e66f-7bb0-0e76-26b36531753f/source/60x60bb.jpg",
			"artworkUrl100": "http://is2.mzstatic.com/image/thumb/Music/v4/7d/26/43/7d2643d8-e66f-7bb0-0e76-26b36531753f/source/100x100bb.jpg",
			"collectionPrice": 7.99,
			"trackPrice": 1.29,
			"releaseDate": "2007-12-11T08:00:00Z",
			"collectionExplicitness": "notExplicit",
			"trackExplicitness": "notExplicit",
			"discCount": 1,
			"discNumber": 1,
			"trackCount": 14,
			"trackNumber": 6,
			"trackTimeMillis": 238806,
			"country": "USA",
			"currency": "USD",
			"primaryGenreName": "Alternative",
			"isStreamable": true
		},
		{
			"wrapperType": "track",
			"kind": "song",
			"artistId": 909253,
			"collectionId": 879206883,
			"trackId": 879209890,
			"artistName": "Jack Johnson",
			"collectionName": "To the Sea",
			"trackName": "You and Your Heart",
			"collectionCensoredName": "To the Sea",
			"trackCensoredName": "You and Your Heart",
			"artistViewUrl": "https://itunes.apple.com/us/artist/jack-johnson/id909253?uo=4",
			"collectionViewUrl": "https://itunes.apple.com/us/album/you-and-your-heart/id879206883?i=879209890&uo=4",
			"trackViewUrl": "https://itunes.apple.com/us/album/you-and-your-heart/id879206883?i=879209890&uo=4",
			"previewUrl": "http://a1043.phobos.apple.com/us/r30/Music4/v4/4f/79/35/4f793510-2fbe-4a9d-2d68-5b4675342de2/mzaf_7896944984022119851.plus.aac.p.m4a",
			"artworkUrl30": "http://is5.mzstatic.com/image/thumb/Music4/v4/c3/1f/19/c31f1915-7662-ac71-598c-c5ad8a6ab5a8/source/30x30bb.jpg",
			"artworkUrl60": "http://is5.mzstatic.com/image/thumb/Music4/v4/c3/1f/19/c31f1915-7662-ac71-598c-c5ad8a6ab5a8/source/60x60bb.jpg",
			"artworkUrl100": "http://is5.mzstatic.com/image/thumb/Music4/v4/c3/1f/19/c31f1915-7662-ac71-598c-c5ad8a6ab5a8/source/100x100bb.jpg",
			"collectionPrice": 9.99,
			"trackPrice": 1.29,
			"releaseDate": "2010-04-06T07:00:00Z",
			"collectionExplicitness": "notExplicit",
			"trackExplicitness": "notExplicit",
			"discCount": 1,
			"discNumber": 1,
			"trackCount": 14,
			"trackNumber": 1,
			"trackTimeMillis": 192853,
			"country": "USA",
			"currency": "USD",
			"primaryGenreName": "Rock",
			"isStreamable": true
		},
		{
			"wrapperType": "track",
			"kind": "song",
			"artistId": 909253,
			"collectionId": 879273552,
			"trackId": 879273566,
			"artistName": "Jack Johnson",
			"collectionName": "In Between Dreams",
			"trackName": "Never Know",
			"collectionCensoredName": "In Between Dreams",
			"trackCensoredName": "Never Know",
			"artistViewUrl": "https://itunes.apple.com/us/artist/jack-johnson/id909253?uo=4",
			"collectionViewUrl": "https://itunes.apple.com/us/album/never-know/id879273552?i=879273566&uo=4",
			"trackViewUrl": "https://itunes.apple.com/us/album/never-know/id879273552?i=879273566&uo=4",
			"previewUrl": "http://a135.phobos.apple.com/us/r30/Music4/v4/eb/44/82/eb448255-3139-40f8-6e1e-007e525de8ce/mzaf_8277593527813641004.plus.aac.p.m4a",
			"artworkUrl30": "http://is1.mzstatic.com/image/thumb/Music2/v4/a2/66/32/a2663205-663c-8301-eec7-57937c2d0878/source/30x30bb.jpg",
			"artworkUrl60": "http://is1.mzstatic.com/image/thumb/Music2/v4/a2/66/32/a2663205-663c-8301-eec7-57937c2d0878/source/60x60bb.jpg",
			"artworkUrl100": "http://is1.mzstatic.com/image/thumb/Music2/v4/a2/66/32/a2663205-663c-8301-eec7-57937c2d0878/source/100x100bb.jpg",
			"collectionPrice": 6.99,
			"trackPrice": 1.29,
			"releaseDate": "2005-03-01T08:00:00Z",
			"collectionExplicitness": "notExplicit",
			"trackExplicitness": "notExplicit",
			"discCount": 1,
			"discNumber": 1,
			"trackCount": 15,
			"trackNumber": 2,
			"trackTimeMillis": 212862,
			"country": "USA",
			"currency": "USD",
			"primaryGenreName": "Rock",
			"isStreamable": true
		},
		{
			"wrapperType": "track",
			"kind": "song",
			"artistId": 909253,
			"collectionId": 879716730,
			"trackId": 879716734,
			"artistName": "Jack Johnson",
			"collectionName": "Sleep Through the Static",
			"trackName": "Angel",
			"collectionCensoredName": "Sleep Through the Static",
			"trackCensoredName": "Angel",
			"artistViewUrl": "https://itunes.apple.com/us/artist/jack-johnson/id909253?uo=4",
			"collectionViewUrl": "https://itunes.apple.com/us/album/angel/id879716730?i=879716734&uo=4",
			"trackViewUrl": "https://itunes.apple.com/us/album/angel/id879716730?i=879716734&uo=4",
			"previewUrl": "http://a23.phobos.apple.com/us/r30/Music4/v4/35/79/94/357994c6-af8a-3c14-b26f-521802602dd6/mzaf_230880385444312812.plus.aac.p.m4a",
			"artworkUrl30": "http://is2.mzstatic.com/image/thumb/Music/v4/7d/26/43/7d2643d8-e66f-7bb0-0e76-26b36531753f/source/30x30bb.jpg",
			"artworkUrl60": "http://is2.mzstatic.com/image/thumb/Music/v4/7d/26/43/7d2643d8-e66f-7bb0-0e76-26b36531753f/source/60x60bb.jpg",
			"artworkUrl100": "http://is2.mzstatic.com/image/thumb/Music/v4/7d/26/43/7d2643d8-e66f-7bb0-0e76-26b36531753f/source/100x100bb.jpg",
			"collectionPrice": 7.99,
			"trackPrice": 1.29,
			"releaseDate": "2007-01-01T08:00:00Z",
			"collectionExplicitness": "notExplicit",
			"trackExplicitness": "notExplicit",
			"discCount": 1,
			"discNumber": 1,
			"trackCount": 14,
			"trackNumber": 4,
			"trackTimeMillis": 122694,
			"country": "USA",
			"currency": "USD",
			"primaryGenreName": "Alternative",
			"isStreamable": true
		},
		{
			"wrapperType": "track",
			"kind": "song",
			"artistId": 909253,
			"collectionId": 906900960,
			"trackId": 906900983,
			"artistName": "Jack Johnson",
			"collectionName": "Brushfire Fairytales (Remastered) [Bonus Version]",
			"trackName": "Flake",
			"collectionCensoredName": "Brushfire Fairytales (Remastered) [Bonus Version]",
			"trackCensoredName": "Flake",
			"artistViewUrl": "https://itunes.apple.com/us/artist/jack-johnson/id909253?uo=4",
			"collectionViewUrl": "https://itunes.apple.com/us/album/flake/id906900960?i=906900983&uo=4",
			"trackViewUrl": "https://itunes.apple.com/us/album/flake/id906900960?i=906900983&uo=4",
			"previewUrl": "http://a1839.phobos.apple.com/us/r30/Music4/v4/65/a0/84/65a084ac-bae3-5880-f9a4-32314568916c/mzaf_416028643252077482.plus.aac.p.m4a",
			"artworkUrl30": "http://is2.mzstatic.com/image/thumb/Music5/v4/e9/6f/ef/e96fefcd-fac9-ebb5-59ce-f0229c59b190/source/30x30bb.jpg",
			"artworkUrl60": "http://is2.mzstatic.com/image/thumb/Music5/v4/e9/6f/ef/e96fefcd-fac9-ebb5-59ce-f0229c59b190/source/60x60bb.jpg",
			"artworkUrl100": "http://is2.mzstatic.com/image/thumb/Music5/v4/e9/6f/ef/e96fefcd-fac9-ebb5-59ce-f0229c59b190/source/100x100bb.jpg",
			"collectionPrice": 9.99,
			"trackPrice": 0.99,
			"releaseDate": "2001-01-06T08:00:00Z",
			"collectionExplicitness": "notExplicit",
			"trackExplicitness": "notExplicit",
			"discCount": 1,
			"discNumber": 1,
			"trackCount": 15,
			"trackNumber": 5,
			"trackTimeMillis": 283400,
			"country": "USA",
			"currency": "USD",
			"primaryGenreName": "Rock",
			"isStreamable": true
		},
		{
			"wrapperType": "track",
			"kind": "song",
			"artistId": 909253,
			"collectionId": 659234734,
			"trackId": 659234741,
			"artistName": "Jack Johnson",
			"collectionName": "From Here to Now to You",
			"trackName": "I Got You",
			"collectionCensoredName": "From Here to Now to You",
			"trackCensoredName": "I Got You",
			"artistViewUrl": "https://itunes.apple.com/us/artist/jack-johnson/id909253?uo=4",
			"collectionViewUrl": "https://itunes.apple.com/us/album/i-got-you/id659234734?i=659234741&uo=4",
			"trackViewUrl": "https://itunes.apple.com/us/album/i-got-you/id659234734?i=659234741&uo=4",
			"previewUrl": "https://audio-ssl.itunes.apple.com/apple-assets-us-std-000001/AudioPreview71/v4/37/a1/24/37a124c6-7c93-480c-0965-5627c3c054d8/mzaf_8369063589789635399.plus.aac.p.m4a",
			"artworkUrl30": "http://is1.mzstatic.com/image/thumb/Music/v4/5e/54/6b/5e546bc2-8db4-c062-b2ae-b8e123092a7c/source/30x30bb.jpg",
			"artworkUrl60": "http://is1.mzstatic.com/image/thumb/Music/v4/5e/54/6b/5e546bc2-8db4-c062-b2ae-b8e123092a7c/source/60x60bb.jpg",
			"artworkUrl100": "http://is1.mzstatic.com/image/thumb/Music/v4/5e/54/6b/5e546bc2-8db4-c062-b2ae-b8e123092a7c/source/100x100bb.jpg",
			"collectionPrice": 7.99,
			"trackPrice": 1.29,
			"releaseDate": "2013-06-10T07:00:00Z",
			"collectionExplicitness": "notExplicit",
			"trackExplicitness": "notExplicit",
			"discCount": 1,
			"discNumber": 1,
			"trackCount": 12,
			"trackNumber": 1,
			"trackTimeMillis": 179896,
			"country": "USA",
			"currency": "USD",
			"primaryGenreName": "Rock",
			"isStreamable": true
		},
		{
			"wrapperType": "track",
			"kind": "song",
			"artistId": 909253,
			"collectionId": 879273552,
			"trackId": 879273586,
			"artistName": "Jack Johnson",
			"collectionName": "In Between Dreams",
			"trackName": "Constellations",
			"collectionCensoredName": "In Between Dreams",
			"trackCensoredName": "Constellations",
			"artistViewUrl": "https://itunes.apple.com/us/artist/jack-johnson/id909253?uo=4",
			"collectionViewUrl": "https://itunes.apple.com/us/album/constellations/id879273552?i=879273586&uo=4",
			"trackViewUrl": "https://itunes.apple.com/us/album/constellations/id879273552?i=879273586&uo=4",
			"previewUrl": "http://a446.phobos.apple.com/us/r30/Music6/v4/ac/ed/bc/acedbcb8-ea98-8b88-4cc6-b895f5f1010f/mzaf_9132884955027305703.plus.aac.p.m4a",
			"artworkUrl30": "http://is1.mzstatic.com/image/thumb/Music2/v4/a2/66/32/a2663205-663c-8301-eec7-57937c2d0878/source/30x30bb.jpg",
			"artworkUrl60": "http://is1.mzstatic.com/image/thumb/Music2/v4/a2/66/32/a2663205-663c-8301-eec7-57937c2d0878/source/60x60bb.jpg",
			"artworkUrl100": "http://is1.mzstatic.com/image/thumb/Music2/v4/a2/66/32/a2663205-663c-8301-eec7-57937c2d0878/source/100x100bb.jpg",
			"collectionPrice": 6.99,
			"trackPrice": 1.29,
			"releaseDate": "2005-03-01T08:00:00Z",
			"collectionExplicitness": "notExplicit",
			"trackExplicitness": "notExplicit",
			"discCount": 1,
			"discNumber": 1,
			"trackCount": 15,
			"trackNumber": 14,
			"trackTimeMillis": 201361,
			"country": "USA",
			"currency": "USD",
			"primaryGenreName": "Rock",
			"isStreamable": true
		},
		{
			"wrapperType": "track",
			"kind": "song",
			"artistId": 909253,
			"collectionId": 879273552,
			"trackId": 879273572,
			"artistName": "Jack Johnson",
			"collectionName": "In Between Dreams",
			"trackName": "No Other Way",
			"collectionCensoredName": "In Between Dreams",
			"trackCensoredName": "No Other Way",
			"artistViewUrl": "https://itunes.apple.com/us/artist/jack-johnson/id909253?uo=4",
			"collectionViewUrl": "https://itunes.apple.com/us/album/no-other-way/id879273552?i=879273572&uo=4",
			"trackViewUrl": "https://itunes.apple.com/us/album/no-other-way/id879273552?i=879273572&uo=4",
			"previewUrl": "http://a834.phobos.apple.com/us/r30/Music/v4/43/83/9f/43839f5c-4c02-63f6-2950-283bea60da9f/mzaf_2147786048438392316.plus.aac.p.m4a",
			"artworkUrl30": "http://is1.mzstatic.com/image/thumb/Music2/v4/a2/66/32/a2663205-663c-8301-eec7-57937c2d0878/source/30x30bb.jpg",
			"artworkUrl60": "http://is1.mzstatic.com/image/thumb/Music2/v4/a2/66/32/a2663205-663c-8301-eec7-57937c2d0878/source/60x60bb.jpg",
			"artworkUrl100": "http://is1.mzstatic.com/image/thumb/Music2/v4/a2/66/32/a2663205-663c-8301-eec7-57937c2d0878/source/100x100bb.jpg",
			"collectionPrice": 6.99,
			"trackPrice": 1.29,
			"releaseDate": "2005-03-01T08:00:00Z",
			"collectionExplicitness": "notExplicit",
			"trackExplicitness": "notExplicit",
			"discCount": 1,
			"discNumber": 1,
			"trackCount": 15,
			"trackNumber": 5,
			"trackTimeMillis": 189579,
			"country": "USA",
			"currency": "USD",
			"primaryGenreName": "Rock",
			"isStreamable": true
		},
		{
			"wrapperType": "track",
			"kind": "song",
			"artistId": 909253,
			"collectionId": 513801594,
			"trackId": 513801599,
			"artistName": "Jack Johnson, Dave Matthews & Tim Reynolds",
			"collectionName": "Jack Johnson & Friends - Best of Kokua Festival (A Benefit for the Kokua Hawaii Foundation)",
			"trackName": "A Pirate Looks At Forty",
			"collectionCensoredName": "Jack Johnson & Friends - Best of Kokua Festival (A Benefit for the Kokua Hawaii Foundation)",
			"trackCensoredName": "A Pirate Looks At Forty (Live)",
			"collectionArtistName": "Jack Johnson",
			"artistViewUrl": "https://itunes.apple.com/us/artist/jack-johnson/id909253?uo=4",
			"collectionViewUrl": "https://itunes.apple.com/us/album/a-pirate-looks-at-forty-live/id513801594?i=513801599&uo=4",
			"trackViewUrl": "https://itunes.apple.com/us/album/a-pirate-looks-at-forty-live/id513801594?i=513801599&uo=4",
			"previewUrl": "http://a227.phobos.apple.com/us/r30/Music/12/ea/0f/mzm.jghprfkj.aac.p.m4a",
			"artworkUrl30": "http://is1.mzstatic.com/image/thumb/Music/v4/a4/cc/3a/a4cc3aa2-49e1-bc3b-e1fe-d3d770ae4da5/source/30x30bb.jpg",
			"artworkUrl60": "http://is1.mzstatic.com/image/thumb/Music/v4/a4/cc/3a/a4cc3aa2-49e1-bc3b-e1fe-d3d770ae4da5/source/60x60bb.jpg",
			"artworkUrl100": "http://is1.mzstatic.com/image/thumb/Music/v4/a4/cc/3a/a4cc3aa2-49e1-bc3b-e1fe-d3d770ae4da5/source/100x100bb.jpg",
			"collectionPrice": 9.99,
			"trackPrice": 1.29,
			"releaseDate": "2012-04-16T07:00:00Z",
			"collectionExplicitness": "notExplicit",
			"trackExplicitness": "notExplicit",
			"discCount": 1,
			"discNumber": 1,
			"trackCount": 14,
			"trackNumber": 3,
			"trackTimeMillis": 232067,
			"country": "USA",
			"currency": "USD",
			"primaryGenreName": "Rock",
			"isStreamable": true
		},
		{
			"wrapperType": "track",
			"kind": "song",
			"artistId": 909253,
			"collectionId": 879716730,
			"trackId": 879716733,
			"artistName": "Jack Johnson",
			"collectionName": "Sleep Through the Static",
			"trackName": "Hope",
			"collectionCensoredName": "Sleep Through the Static",
			"trackCensoredName": "Hope",
			"artistViewUrl": "https://itunes.apple.com/us/artist/jack-johnson/id909253?uo=4",
			"collectionViewUrl": "https://itunes.apple.com/us/album/hope/id879716730?i=879716733&uo=4",
			"trackViewUrl": "https://itunes.apple.com/us/album/hope/id879716730?i=879716733&uo=4",
			"previewUrl": "http://a186.phobos.apple.com/us/r30/Music2/v4/ea/93/29/ea932991-96cd-3e29-5364-23f5421b1d97/mzaf_6210633579424704391.plus.aac.p.m4a",
			"artworkUrl30": "http://is2.mzstatic.com/image/thumb/Music/v4/7d/26/43/7d2643d8-e66f-7bb0-0e76-26b36531753f/source/30x30bb.jpg",
			"artworkUrl60": "http://is2.mzstatic.com/image/thumb/Music/v4/7d/26/43/7d2643d8-e66f-7bb0-0e76-26b36531753f/source/60x60bb.jpg",
			"artworkUrl100": "http://is2.mzstatic.com/image/thumb/Music/v4/7d/26/43/7d2643d8-e66f-7bb0-0e76-26b36531753f/source/100x100bb.jpg",
			"collectionPrice": 7.99,
			"trackPrice": 1.29,
			"releaseDate": "2007-01-01T08:00:00Z",
			"collectionExplicitness": "notExplicit",
			"trackExplicitness": "notExplicit",
			"discCount": 1,
			"discNumber": 1,
			"trackCount": 14,
			"trackNumber": 3,
			"trackTimeMillis": 222233,
			"country": "USA",
			"currency": "USD",
			"primaryGenreName": "Alternative",
			"isStreamable": true
		},
		{
			"wrapperType": "track",
			"kind": "song",
			"artistId": 909253,
			"collectionId": 879273552,
			"trackId": 879273574,
			"artistName": "Jack Johnson",
			"collectionName": "In Between Dreams",
			"trackName": "Staple It Together",
			"collectionCensoredName": "In Between Dreams",
			"trackCensoredName": "Staple It Together",
			"artistViewUrl": "https://itunes.apple.com/us/artist/jack-johnson/id909253?uo=4",
			"collectionViewUrl": "https://itunes.apple.com/us/album/staple-it-together/id879273552?i=879273574&uo=4",
			"trackViewUrl": "https://itunes.apple.com/us/album/staple-it-together/id879273552?i=879273574&uo=4",
			"previewUrl": "http://a1911.phobos.apple.com/us/r30/Music/v4/2a/ab/18/2aab1877-d064-1091-504e-307cef20c50e/mzaf_234241789622967590.plus.aac.p.m4a",
			"artworkUrl30": "http://is1.mzstatic.com/image/thumb/Music2/v4/a2/66/32/a2663205-663c-8301-eec7-57937c2d0878/source/30x30bb.jpg",
			"artworkUrl60": "http://is1.mzstatic.com/image/thumb/Music2/v4/a2/66/32/a2663205-663c-8301-eec7-57937c2d0878/source/60x60bb.jpg",
			"artworkUrl100": "http://is1.mzstatic.com/image/thumb/Music2/v4/a2/66/32/a2663205-663c-8301-eec7-57937c2d0878/source/100x100bb.jpg",
			"collectionPrice": 6.99,
			"trackPrice": 1.29,
			"releaseDate": "2005-03-01T08:00:00Z",
			"collectionExplicitness": "notExplicit",
			"trackExplicitness": "notExplicit",
			"discCount": 1,
			"discNumber": 1,
			"trackCount": 15,
			"trackNumber": 7,
			"trackTimeMillis": 195922,
			"country": "USA",
			"currency": "USD",
			"primaryGenreName": "Rock",
			"isStreamable": true
		},
		{
			"wrapperType": "track",
			"kind": "song",
			"artistId": 909253,
			"collectionId": 879273552,
			"trackId": 879273577,
			"artistName": "Jack Johnson",
			"collectionName": "In Between Dreams",
			"trackName": "Crying Shame",
			"collectionCensoredName": "In Between Dreams",
			"trackCensoredName": "Crying Shame",
			"artistViewUrl": "https://itunes.apple.com/us/artist/jack-johnson/id909253?uo=4",
			"collectionViewUrl": "https://itunes.apple.com/us/album/crying-shame/id879273552?i=879273577&uo=4",
			"trackViewUrl": "https://itunes.apple.com/us/album/crying-shame/id879273552?i=879273577&uo=4",
			"previewUrl": "http://a1854.phobos.apple.com/us/r30/Music/v4/38/c0/19/38c0196e-3ce0-92c1-6b2d-eb10e3eb0ee5/mzaf_7178478946435499403.plus.aac.p.m4a",
			"artworkUrl30": "http://is1.mzstatic.com/image/thumb/Music2/v4/a2/66/32/a2663205-663c-8301-eec7-57937c2d0878/source/30x30bb.jpg",
			"artworkUrl60": "http://is1.mzstatic.com/image/thumb/Music2/v4/a2/66/32/a2663205-663c-8301-eec7-57937c2d0878/source/60x60bb.jpg",
			"artworkUrl100": "http://is1.mzstatic.com/image/thumb/Music2/v4/a2/66/32/a2663205-663c-8301-eec7-57937c2d0878/source/100x100bb.jpg",
			"collectionPrice": 6.99,
			"trackPrice": 1.29,
			"releaseDate": "2005-03-01T08:00:00Z",
			"collectionExplicitness": "notExplicit",
			"trackExplicitness": "notExplicit",
			"discCount": 1,
			"discNumber": 1,
			"trackCount": 15,
			"trackNumber": 9,
			"trackTimeMillis": 186047,
			"country": "USA",
			"currency": "USD",
			"primaryGenreName": "Rock",
			"isStreamable": true
		},
		{
			"wrapperType": "track",
			"kind": "song",
			"artistId": 909253,
			"collectionId": 906900960,
			"trackId": 906900985,
			"artistName": "Jack Johnson",
			"collectionName": "Brushfire Fairytales (Remastered) [Bonus Version]",
			"trackName": "Bubble Toes",
			"collectionCensoredName": "Brushfire Fairytales (Remastered) [Bonus Version]",
			"trackCensoredName": "Bubble Toes",
			"artistViewUrl": "https://itunes.apple.com/us/artist/jack-johnson/id909253?uo=4",
			"collectionViewUrl": "https://itunes.apple.com/us/album/bubble-toes/id906900960?i=906900985&uo=4",
			"trackViewUrl": "https://itunes.apple.com/us/album/bubble-toes/id906900960?i=906900985&uo=4",
			"previewUrl": "http://a1104.phobos.apple.com/us/r30/Music3/v4/f6/28/aa/f628aad0-ad35-84e4-aee3-068445d626fe/mzaf_8192129784688487369.plus.aac.p.m4a",
			"artworkUrl30": "http://is2.mzstatic.com/image/thumb/Music5/v4/e9/6f/ef/e96fefcd-fac9-ebb5-59ce-f0229c59b190/source/30x30bb.jpg",
			"artworkUrl60": "http://is2.mzstatic.com/image/thumb/Music5/v4/e9/6f/ef/e96fefcd-fac9-ebb5-59ce-f0229c59b190/source/60x60bb.jpg",
			"artworkUrl100": "http://is2.mzstatic.com/image/thumb/Music5/v4/e9/6f/ef/e96fefcd-fac9-ebb5-59ce-f0229c59b190/source/100x100bb.jpg",
			"collectionPrice": 9.99,
			"trackPrice": 0.99,
			"releaseDate": "2001-01-06T08:00:00Z",
			"collectionExplicitness": "notExplicit",
			"trackExplicitness": "notExplicit",
			"discCount": 1,
			"discNumber": 1,
			"trackCount": 15,
			"trackNumber": 6,
			"trackTimeMillis": 239413,
			"country": "USA",
			"currency": "USD",
			"primaryGenreName": "Rock",
			"isStreamable": true
		},
		{
			"wrapperType": "track",
			"kind": "song",
			"artistId": 909253,
			"collectionId": 879273552,
			"trackId": 879273578,
			"artistName": "Jack Johnson",
			"collectionName": "In Between Dreams",
			"trackName": "If I Could",
			"collectionCensoredName": "In Between Dreams",
			"trackCensoredName": "If I Could",
			"artistViewUrl": "https://itunes.apple.com/us/artist/jack-johnson/id909253?uo=4",
			"collectionViewUrl": "https://itunes.apple.com/us/album/if-i-could/id879273552?i=879273578&uo=4",
			"trackViewUrl": "https://itunes.apple.com/us/album/if-i-could/id879273552?i=879273578&uo=4",
			"previewUrl": "http://a255.phobos.apple.com/us/r30/Music6/v4/b5/4e/33/b54e332d-5d04-1b02-fe59-c87bbf9cb5d6/mzaf_7910485597109644306.plus.aac.p.m4a",
			"artworkUrl30": "http://is1.mzstatic.com/image/thumb/Music2/v4/a2/66/32/a2663205-663c-8301-eec7-57937c2d0878/source/30x30bb.jpg",
			"artworkUrl60": "http://is1.mzstatic.com/image/thumb/Music2/v4/a2/66/32/a2663205-663c-8301-eec7-57937c2d0878/source/60x60bb.jpg",
			"artworkUrl100": "http://is1.mzstatic.com/image/thumb/Music2/v4/a2/66/32/a2663205-663c-8301-eec7-57937c2d0878/source/100x100bb.jpg",
			"collectionPrice": 6.99,
			"trackPrice": 1.29,
			"releaseDate": "2005-03-01T08:00:00Z",
			"collectionExplicitness": "notExplicit",
			"trackExplicitness": "notExplicit",
			"discCount": 1,
			"discNumber": 1,
			"trackCount": 15,
			"trackNumber": 10,
			"trackTimeMillis": 144982,
			"country": "USA",
			"currency": "USD",
			"primaryGenreName": "Rock",
			"isStreamable": true
		},
		{
			"wrapperType": "track",
			"kind": "song",
			"artistId": 909253,
			"collectionId": 879716730,
			"trackId": 879716746,
			"artistName": "Jack Johnson",
			"collectionName": "Sleep Through the Static",
			"trackName": "Go On",
			"collectionCensoredName": "Sleep Through the Static",
			"trackCensoredName": "Go On",
			"artistViewUrl": "https://itunes.apple.com/us/artist/jack-johnson/id909253?uo=4",
			"collectionViewUrl": "https://itunes.apple.com/us/album/go-on/id879716730?i=879716746&uo=4",
			"trackViewUrl": "https://itunes.apple.com/us/album/go-on/id879716730?i=879716746&uo=4",
			"previewUrl": "http://a130.phobos.apple.com/us/r30/Music6/v4/03/e9/b9/03e9b9b4-021a-2683-e8e8-9d972060caa5/mzaf_5945015619217931005.plus.aac.p.m4a",
			"artworkUrl30": "http://is2.mzstatic.com/image/thumb/Music/v4/7d/26/43/7d2643d8-e66f-7bb0-0e76-26b36531753f/source/30x30bb.jpg",
			"artworkUrl60": "http://is2.mzstatic.com/image/thumb/Music/v4/7d/26/43/7d2643d8-e66f-7bb0-0e76-26b36531753f/source/60x60bb.jpg",
			"artworkUrl100": "http://is2.mzstatic.com/image/thumb/Music/v4/7d/26/43/7d2643d8-e66f-7bb0-0e76-26b36531753f/source/100x100bb.jpg",
			"collectionPrice": 7.99,
			"trackPrice": 1.29,
			"releaseDate": "2007-01-01T08:00:00Z",
			"collectionExplicitness": "notExplicit",
			"trackExplicitness": "notExplicit",
			"discCount": 1,
			"discNumber": 1,
			"trackCount": 14,
			"trackNumber": 10,
			"trackTimeMillis": 274819,
			"country": "USA",
			"currency": "USD",
			"primaryGenreName": "Alternative",
			"isStreamable": true
		},
		{
			"wrapperType": "track",
			"kind": "song",
			"artistId": 909253,
			"collectionId": 879273552,
			"trackId": 879273575,
			"artistName": "Jack Johnson",
			"collectionName": "In Between Dreams",
			"trackName": "Situations",
			"collectionCensoredName": "In Between Dreams",
			"trackCensoredName": "Situations",
			"artistViewUrl": "https://itunes.apple.com/us/artist/jack-johnson/id909253?uo=4",
			"collectionViewUrl": "https://itunes.apple.com/us/album/situations/id879273552?i=879273575&uo=4",
			"trackViewUrl": "https://itunes.apple.com/us/album/situations/id879273552?i=879273575&uo=4",
			"previewUrl": "http://a945.phobos.apple.com/us/r30/Music2/v4/e8/cb/03/e8cb03dc-2f22-7d2d-0886-b244ec2ffb40/mzaf_8631338519762380030.plus.aac.p.m4a",
			"artworkUrl30": "http://is1.mzstatic.com/image/thumb/Music2/v4/a2/66/32/a2663205-663c-8301-eec7-57937c2d0878/source/30x30bb.jpg",
			"artworkUrl60": "http://is1.mzstatic.com/image/thumb/Music2/v4/a2/66/32/a2663205-663c-8301-eec7-57937c2d0878/source/60x60bb.jpg",
			"artworkUrl100": "http://is1.mzstatic.com/image/thumb/Music2/v4/a2/66/32/a2663205-663c-8301-eec7-57937c2d0878/source/100x100bb.jpg",
			"collectionPrice": 6.99,
			"trackPrice": 1.29,
			"releaseDate": "2005-03-01T08:00:00Z",
			"collectionExplicitness": "notExplicit",
			"trackExplicitness": "notExplicit",
			"discCount": 1,
			"discNumber": 1,
			"trackCount": 15,
			"trackNumber": 8,
			"trackTimeMillis": 77436,
			"country": "USA",
			"currency": "USD",
			"primaryGenreName": "Rock",
			"isStreamable": true
		},
		{
			"wrapperType": "track",
			"kind": "song",
			"artistId": 909253,
			"collectionId": 879273552,
			"trackId": 879273582,
			"artistName": "Jack Johnson",
			"collectionName": "In Between Dreams",
			"trackName": "Belle",
			"collectionCensoredName": "In Between Dreams",
			"trackCensoredName": "Belle",
			"artistViewUrl": "https://itunes.apple.com/us/artist/jack-johnson/id909253?uo=4",
			"collectionViewUrl": "https://itunes.apple.com/us/album/belle/id879273552?i=879273582&uo=4",
			"trackViewUrl": "https://itunes.apple.com/us/album/belle/id879273552?i=879273582&uo=4",
			"previewUrl": "http://a345.phobos.apple.com/us/r30/Music2/v4/db/ae/4c/dbae4c3e-0f25-ad48-22c8-8a40ebb2c5c5/mzaf_2371577180771617751.plus.aac.p.m4a",
			"artworkUrl30": "http://is1.mzstatic.com/image/thumb/Music2/v4/a2/66/32/a2663205-663c-8301-eec7-57937c2d0878/source/30x30bb.jpg",
			"artworkUrl60": "http://is1.mzstatic.com/image/thumb/Music2/v4/a2/66/32/a2663205-663c-8301-eec7-57937c2d0878/source/60x60bb.jpg",
			"artworkUrl100": "http://is1.mzstatic.com/image/thumb/Music2/v4/a2/66/32/a2663205-663c-8301-eec7-57937c2d0878/source/100x100bb.jpg",
			"collectionPrice": 6.99,
			"trackPrice": 1.29,
			"releaseDate": "2005-03-01T08:00:00Z",
			"collectionExplicitness": "notExplicit",
			"trackExplicitness": "notExplicit",
			"discCount": 1,
			"discNumber": 1,
			"trackCount": 15,
			"trackNumber": 12,
			"trackTimeMillis": 102670,
			"country": "USA",
			"currency": "USD",
			"primaryGenreName": "Rock",
			"isStreamable": true
		},
		{
			"wrapperType": "track",
			"kind": "song",
			"artistId": 909253,
			"collectionId": 879273552,
			"trackId": 879273587,
			"artistName": "Jack Johnson",
			"collectionName": "In Between Dreams",
			"trackName": "Constellations",
			"collectionCensoredName": "In Between Dreams",
			"trackCensoredName": "Constellations (Demo Version)",
			"artistViewUrl": "https://itunes.apple.com/us/artist/jack-johnson/id909253?uo=4",
			"collectionViewUrl": "https://itunes.apple.com/us/album/constellations-demo-version/id879273552?i=879273587&uo=4",
			"trackViewUrl": "https://itunes.apple.com/us/album/constellations-demo-version/id879273552?i=879273587&uo=4",
			"previewUrl": "http://a174.phobos.apple.com/us/r30/Music4/v4/6e/f9/8e/6ef98eb2-46f3-7442-bbf8-c0a2e686faad/mzaf_7766205597643600078.plus.aac.p.m4a",
			"artworkUrl30": "http://is1.mzstatic.com/image/thumb/Music2/v4/a2/66/32/a2663205-663c-8301-eec7-57937c2d0878/source/30x30bb.jpg",
			"artworkUrl60": "http://is1.mzstatic.com/image/thumb/Music2/v4/a2/66/32/a2663205-663c-8301-eec7-57937c2d0878/source/60x60bb.jpg",
			"artworkUrl100": "http://is1.mzstatic.com/image/thumb/Music2/v4/a2/66/32/a2663205-663c-8301-eec7-57937c2d0878/source/100x100bb.jpg",
			"collectionPrice": 6.99,
			"trackPrice": -1,
			"releaseDate": "2005-03-01T08:00:00Z",
			"collectionExplicitness": "notExplicit",
			"trackExplicitness": "notExplicit",
			"discCount": 1,
			"discNumber": 1,
			"trackCount": 15,
			"trackNumber": 15,
			"trackTimeMillis": 212654,
			"country": "USA",
			"currency": "USD",
			"primaryGenreName": "Rock",
			"isStreamable": true
		}
	]
}